Max,Min,Mean,Std
1661.5449999999998,1523.5870000000002,1605.2858,54.32381893515946
17474,17474,17474.0,0.0
218.6349612260274,202.17934746575344,212.46823716986302,6.619234318037414
13.243656350936718,13.15471650791539,13.206126605944103,0.033253533242530005
147.9339347724408,135.92569127934115,143.39373464815608,4.759018378519617
8.95364254883648,8.884003377965689,8.917087247137811,0.031224183552029872
50.91731095517484,49.424390047285996,50.17079367445581,0.6451147170912692
33.18775486946106,32.4419105052948,32.86396145820618,0.2883107991392948
