Max,Min,Mean,Std
1691.005,1459.4279999999999,1615.2776,92.43124628230441
17474,17474,17474.0,0.0
222.38631113013702,193.19586728767126,214.13113030958903,12.0602574919125
13.302933631117952,13.163879183600907,13.21378904782309,0.055849568625969265
150.84832967110046,130.2305381031203,145.06377431863214,8.641529789971008
9.06375946720833,8.902686685190748,8.946337697127834,0.06709892841146584
52.61963369638206,49.003591879276094,50.31740651038843,1.372101484013212
33.1804313659668,32.872300148010254,32.99593300819397,0.1250884211995212
