Max,Min,Mean,Std
1684.0579999999998,1374.3249999999998,1584.8301999999999,139.38980719084168
17474,17474,17474.0,0.0
224.102804760274,180.96476711643837,209.2083377589041,18.816169772941542
13.278026321172547,13.150637938700637,13.187743532200354,0.0515432013727043
151.0444847784328,121.94279775338327,141.72990702133777,13.101095170176995
8.964477036292031,8.825129790816314,8.904193404546442,0.06358756297440675
51.767058041351866,47.5433482098495,49.702125723096934,2.0052183923666136
33.52039957046509,32.676387548446655,33.264110279083255,0.3576794625485365
