Max,Min,Mean,Std
699.6179999999999,670.7139999999999,688.0563999999999,15.83137280212932
4033,4033,4033.0,0.0
92.19549340410958,88.60025743835617,90.75739901780821,1.9691918379970177
13.31527616453015,13.230902256594481,13.26465181976875,0.046213492641230126
66.81146941075411,61.594990210087815,64.72487773048759,2.85718332896145
9.500558080670295,9.214860405109254,9.386279010445879,0.15648306153157443
65.23747585968752,58.75635863497252,62.64502896980152,3.549854101811684
9.804082870483398,9.659123659133911,9.741055107116699,0.07013979859269287
