Max,Min,Mean,Std
716.298,670.7139999999999,691.3924,20.067401147134145
4033,4033,4033.0,0.0
96.46969065753424,88.60025743835617,91.61223846849313,3.256504025042502
13.37163869261688,13.230902256594481,13.292799106973229,0.06100933672585515
66.81146941075411,61.594990210087815,64.61528883558358,2.766202634268849
9.500558080670295,9.214860405109254,9.344463557637432,0.14588704995394905
65.23747585968752,58.75635863497252,61.82995763571573,3.2619929000039747
35.542707681655884,34.7447304725647,35.13896245956421,0.2851629123416065
