Max,Min,Mean,Std
716.298,670.7139999999999,679.8308,20.38578453727011
4033,4033,4033.0,0.0
96.46969065753424,88.60025743835617,90.17414408219179,3.5193175244954364
13.37163869261688,13.31527616453015,13.326548670147497,0.025206088837133853
66.26352493623412,61.594990210087815,62.52869715531708,2.0878322005963006
9.291480816628063,9.214860405109254,9.230184487413016,0.03426568972401274
61.16211918925856,58.75635863497252,59.23751074582973,1.0758888273942318
35.306732416152954,34.68902230262756,34.90973086357117,0.2769295902533136
