Max,Min,Mean,Std
699.6179999999999,670.7139999999999,682.2755999999999,15.83137280212932
4033,4033,4033.0,0.0
92.19549340410958,88.60025743835617,90.03835182465752,1.9691918379970175
13.31527616453015,13.230902256594481,13.281526601355884,0.04621349264123012
66.81146941075411,61.594990210087815,63.68158189035434,2.85718332896145
9.500558080670295,9.214860405109254,9.329139475333672,0.15648306153157443
65.23747585968752,58.75635863497252,61.34880552485852,3.5498541018116843
10.32984972000122,9.80042028427124,10.003569841384888,0.20048010704073482
