Max,Min,Mean,Std
1646.4360000000001,1415.9189999999999,1538.1260000000002,88.7617061829031
17474,17474,17474.0,0.0
218.44553980821917,185.49854501369862,203.3491954219178,12.25760453040097
13.24928441804211,13.105449789700208,13.189916271243671,0.07088129275055642
146.16771858108237,125.30652650819596,137.14593574029226,7.944273307649604
8.964181282013518,8.826180227283304,8.883256597513654,0.05234878393084987
52.14215241724105,47.85615048930239,49.373874050398115,1.6524455620592164
165.8483395576477,164.88079929351807,165.5325282096863,0.38916149929062194
