Max,Min,Mean,Std
1635.6999999999998,1234.0259999999998,1496.9217999999998,164.3311320602399
17474,17474,17474.0,0.0
218.78307794520546,162.19151661643835,198.17462526986301,22.65083616347945
13.363606694575136,13.120710471530401,13.204152420194916,0.09385212640163831
147.80719824534293,108.35438299848693,133.6346959828747,15.949203581521731
9.014722574276922,8.771910518964926,8.903951313160205,0.08964375683942147
51.82116166730517,45.3557785076316,49.60427772098689,2.526395255468185
33.755356550216675,33.43242883682251,33.560752391815186,0.15200716419193114
