Max,Min,Mean,Std
1741.757,1320.4519999999998,1480.4575999999997,164.07283668023797
17474,17474,17474.0,0.0
235.97872721232872,173.51862532876714,198.0403617753425,24.149139160228927
13.379682788766152,13.147682011835318,13.28372843120816,0.09427499143552175
156.23278765736228,117.60965645836622,132.32304616309608,15.331637074674331
8.97800232379413,8.800479200430885,8.86752824345476,0.06642064192088382
50.522559364471434,45.40218760217687,47.82036494836295,1.8359283227598122
167.4988660812378,164.95303773880005,166.1390030860901,0.91911899033882
