Max,Min,Mean,Std
1650.0670000000002,1315.242,1481.5016,127.59795955382684
17474,17474,17474.0,0.0
220.39135589041095,174.24257827397258,196.6498787630137,17.597721895222087
13.302392293213456,13.151563414953335,13.215046192356862,0.06344925298157453
147.83629153849566,116.67075817776588,131.85475035320627,11.964233479292309
8.922907211045375,8.794220585445348,8.856606250315549,0.050415274900716234
49.614230937234375,46.687853564117525,48.06098012921596,1.263789937038989
33.368369579315186,33.12206745147705,33.25014238357544,0.11142052009797054
