Max,Min,Mean,Std
1595.136,1345.192,1453.5984,105.42007754123502
17474,17474,17474.0,0.0
216.0131696164384,179.3312093219178,194.0468539410959,15.724105699735142
13.314956492162748,13.11622275174176,13.240250840100938,0.0817194809236242
144.109080893257,119.27101752547907,129.6107170793415,10.591933294795673
8.90617204182406,8.781207187370464,8.852460009135708,0.05313818106009238
50.45969591608224,45.87658194731439,47.66973946223091,1.7961346881804463
33.91640496253967,33.355157136917114,33.60822815895081,0.2656703523266249
