Max,Min,Mean,Std
1287.849,1287.849,1287.849,0.0
17474,17474,17474.0,0.0
171.903834,171.903834,171.903834,0.0
13.263063063855371,13.263063063855371,13.263063063855373,1.9860273225978185e-15
114.38967813254988,114.38967813254988,114.38967813254988,0.0
8.931835335959638,8.931835335959638,8.931835335959638,0.0
51.46409045667754,51.46409045667754,51.46409045667754,0.0
161.717204,148.812068,155.9111736,6.171197095138292
