Max,Min,Mean,Std
836.917,707.983,735.4327999999999,56.84553188422115
4033,4033,4033.0,0.0
111.73848907534246,94.44414279452053,98.30812162328766,7.558862273525952
13.37163869261688,13.343687356841219,13.36285475222538,0.010959988220138633
79.06015435797298,65.20463115575126,68.18751455229217,6.095260709330904
9.45240921125199,9.259759735342723,9.304633846781645,0.08374308654877531
65.47182092528713,60.36657231451901,61.54673141162054,2.2210684779684393
9.82085394859314,9.701159477233887,9.758490657806396,0.052482126472248924
