Max,Min,Mean,Std
707.983,699.6179999999999,702.9639999999999,4.581699193530719
4033,4033,4033.0,0.0
94.44414279452053,92.19549340410958,93.09495316027396,1.2316359950483164
13.366315903889596,13.230902256594481,13.285067715512529,0.07416910921758295
66.81146941075411,65.20463115575126,66.16873410875297,0.8801015585273024
9.500558080670295,9.259759735342723,9.404238742539267,0.13189068554583022
65.23747585968752,60.36657231451901,63.28911444162012,2.667903747120677
10.660861253738403,10.178852319717407,10.358732748031617,0.2150885807661231
