Max,Min,Mean,Std
716.298,670.7139999999999,697.1732,16.460394746177883
4033,4033,4033.0,0.0
96.46969065753424,88.60025743835617,92.33128566164382,2.7884711816961
13.37163869261688,13.230902256594481,13.275924325386095,0.06478959672130943
66.81146941075411,61.594990210087815,65.65858467571685,2.2839758282834044
9.500558080670295,9.214860405109254,9.40160309274964,0.13818105513101508
65.23747585968752,58.75635863497252,63.126181080658725,3.013535475647172
10.180559635162354,10.03542947769165,10.098030042648315,0.055280758264869605
