Max,Min,Mean,Std
836.917,670.7139999999999,709.7353999999999,72.18990603817133
4033,4033,4033.0,0.0
111.73848907534246,88.60025743835617,93.94695095890411,10.066874228415362
13.343687356841219,13.230902256594481,13.304083621405232,0.042719395714526764
79.06015435797298,61.594990210087815,66.1313188797981,7.572189659625866
9.500558080670295,9.214860405109254,9.319509701450011,0.1443045572718898
65.47182092528713,58.75635863497252,61.39567453797845,3.614981745245583
37.70829749107361,37.01950478553772,37.34036450386047,0.30055528953957616
