,Total distance (km),Total Travel Time (h),Total load (kg),Fuel Consumption (L),Avg Fuel Conspumtion (L/100km),Avg Speed (km/h)
0,227.231,03:45:30,1031.0,34.323250890029094,15.105003670286665,60.46057649667406
1,209.81,02:43:37,198.0,35.669644369940535,17.000926728916895,76.93959458082918
2,159.907,02:57:41,470.0,23.798034816101676,14.882422167948667,53.99729856486258
3,551.097,09:02:30,1056.0,86.76034829312997,15.743208236141728,60.950820276497694
4,322.135,04:45:05,165.0,49.239287318637096,15.285295704793674,67.79807073954983
