,Total distance (km),Total Travel Time (h),Total load (kg),Fuel Consumption (L),Avg Fuel Conspumtion (L/100km),Avg Speed (km/h)
0,2117.597,31:02:25,1393.0,365.5838533474966,17.264090067538653,68.22094232404135
1,971.572,15:50:07,1387.0,168.45659435706756,17.33856001995401,61.354907292086935
