Max,Min,Mean,Std
716.298,670.7139999999999,705.5181999999999,19.786484280942915
4033,4033,4033.0,0.0
96.46969065753424,88.60025743835617,94.49069444109588,3.4076639070291312
13.37163869261688,13.31527616453015,13.359301629254077,0.02471867204196894
66.26352493623412,61.594990210087815,65.1180392349083,2.022114306108186
9.291480816628063,9.214860405109254,9.269812518067232,0.03365018070759964
61.16211918925856,58.75635863497252,60.52185770345344,1.0453354513551683
11.677701950073242,10.027949333190918,10.728644561767577,0.8400222910193633
