Max,Min,Mean,Std
747.245,670.7139999999999,712.2956,27.31488816195302
4033,4033,4033.0,0.0
101.01337304794521,88.60025743835617,95.45643797260273,4.485225967966463
13.408826737263471,13.29150415869383,13.351776889144242,0.047457277044991655
69.36168520186862,61.594990210087815,66.35970538418263,2.9814130973818074
9.531488201540148,9.214860405109254,9.342971682122526,0.1215178518060574
64.61594711399044,58.75635863497252,61.64275844475243,2.1446395421642896
10.262521266937256,9.84665322303772,9.94198522567749,0.179529668261216
