Max,Min,Mean,Std
738.0440000000001,670.7139999999999,701.5224000000001,23.947155338369583
4033,4033,4033.0,0.0
100.52325471917808,88.60025743835617,93.1419984739726,4.410157903460385
13.358051587157124,13.230902256594481,13.273206904294145,0.05986963445249666
72.01213923481818,61.594990210087815,66.80830753543367,3.6830209028268137
9.794282689963588,9.214860405109254,9.502163467416747,0.20486850758013697
70.59425364654145,58.75635863497252,65.0126079721153,4.196639158419602
38.244850635528564,37.57727384567261,37.85778956413269,0.26741845092399447
