Max,Min,Mean,Std
716.298,670.7139999999999,698.8462,17.180355531827637
4033,4033,4033.0,0.0
96.46969065753424,88.60025743835617,92.78101553972601,2.9383978217364124
13.37163869261688,13.230902256594481,13.30300705484512,0.06940289436429209
66.81146941075411,61.594990210087815,65.33721702471628,2.1924145985186376
9.500558080670295,9.214860405109254,9.353443423684126,0.13702800422912914
65.23747585968752,58.75635863497252,62.15200037162502,2.9469610992032966
37.47979927062988,36.82407259941101,37.12696413993835,0.31636187547665084
