Max,Min,Mean,Std
716.298,699.6179999999999,711.299,7.456735545800217
4033,4033,4033.0,0.0
96.46969065753424,92.19549340410958,95.20974163424657,1.899621580744735
13.37163869261688,13.230902256594481,13.342426847666943,0.06238673151645797
66.81146941075411,65.20463115575126,66.16133507504155,0.5850823332765852
9.500558080670295,9.259759735342723,9.326952053179443,0.09801592501333299
65.23747585968752,60.36657231451901,61.81808114839644,1.9422922258209268
10.682708501815796,10.376965761184692,10.536973333358764,0.12473310133184506
