Max,Min,Mean,Std
1698.4399999999998,1551.571,1622.978,53.874819595985656
17474,17474,17474.0,0.0
226.99478196575345,206.96661875342465,216.4646107123288,7.447768292272724
13.323401627899115,13.237714462701858,13.278432631316779,0.034557002747246816
152.84970641558832,139.74782176300528,145.72750723905037,4.88078181352785
8.998277767304936,8.905266083450785,8.953121477259552,0.04113483631340128
51.72243690885807,49.425134049136354,50.197548528048394,0.8891243830905824
157.1498625278473,155.06916880607605,156.35421161651612,0.8013782282513434
