Max,Min,Mean,Std
1782.3249999999998,1487.901,1692.1343999999997,119.69506189396446
17474,17474,17474.0,0.0
239.44203622602737,198.4634822945206,226.56973483424653,16.715830954212883
13.396835563182874,13.232094596170635,13.314733641089353,0.07558961899362052
160.3661159151087,132.98436632017894,152.12679033669275,11.196660856315916
8.9913947962603,8.904376544301837,8.951344045238253,0.03806943221651713
51.853171379181916,48.690108561547795,50.683858503024815,1.3616695253161135
32.507500648498535,31.757348775863647,32.204131555557254,0.27443786996117353
