Max,Min,Mean,Std
1909.1039999999998,1437.929,1678.3915999999997,170.32235143779565
17474,17474,17474.0,0.0
252.54145456849312,190.57901816438357,223.9466956931507,22.66492962059763
13.330743000640847,13.218928457750982,13.271080274100527,0.0495148111956581
174.02882867463126,127.84373391947668,150.98868609486968,16.761581308097057
9.111371722935493,8.85928193465341,8.94677171295098,0.09926853547320705
54.84740728285464,48.04211036521333,50.04503059442173,2.7421966931960107
31.976224422454834,31.1606388092041,31.721610975265502,0.326450088878773
