Max,Min,Mean,Std
1708.131,1345.239,1553.1070000000002,130.90197783074174
17474,17474,17474.0,0.0
227.21192567808225,176.33406995890408,206.13136354246575,18.478238797057603
13.401229851091333,13.12398112603744,13.265690969984698,0.13051698205133871
154.6404324343061,119.25039865155065,139.3826104433429,12.756419967276713
9.034369769017902,8.836185825972624,8.940358333415633,0.07492483977636898
52.969668653144375,47.245248258320814,50.4009715499911,2.082635098156109
32.620330810546875,32.404606103897095,32.518036651611325,0.09685478026814424
