Max,Min,Mean,Std
1728.637,1353.775,1500.1460000000002,142.61479121746095
17474,17474,17474.0,0.0
229.65493882876711,180.25700961643835,199.77312235205483,19.02373368138759
13.286504413915853,13.204123537610924,13.236344869771731,0.03520633201315391
155.7400167439134,120.01848065608424,133.88918183359564,13.599324348898827
8.97746501694456,8.825729168602006,8.878700529610919,0.06407969624562641
50.90994467862361,46.03984441980645,48.07550626992313,1.9900746333274675
33.20704221725464,32.57078313827515,32.937322330474856,0.23052016802266412
