Max,Min,Mean,Std
1643.31,1304.239,1459.8448,122.80189188159925
17474,17474,17474.0,0.0
221.17297874657535,170.7637807671233,194.47232630136986,18.369869094961388
13.32321601281069,13.119927557803337,13.226091984561345,0.09007846280441727
147.91317928527465,114.8777698568425,130.44168343652626,11.959635189019103
8.931336833511304,8.792517266272688,8.867040680435442,0.05478357657736825
49.969641772957054,46.83319633947324,48.041402010500605,1.2869799908551003
33.32794141769409,32.94308090209961,33.101826429367065,0.15911434893240983
