Max,Min,Mean,Std
1644.345,1347.161,1496.5802,124.2106810491755
17474,17474,17474.0,0.0
222.14200739726027,180.54151900684928,199.98879651232875,17.79650346805817
13.31897747096095,13.107134808819074,13.23018167159879,0.07926821761335541
149.64276667370123,120.38447492759354,134.26242229456685,12.189028058661126
8.97570257146299,8.862599175774276,8.916378906629765,0.047730672574562004
51.904202057582545,49.209551681914654,49.943654358993015,1.122268729596226
33.04881167411804,32.490230560302734,32.759617280960086,0.2487537552510857
