Max,Min,Mean,Std
1720.905,1395.157,1536.9402,118.21824648378104
17474,17474,17474.0,0.0
228.81291002054792,184.18680655479452,203.76545983424657,16.071678233642427
13.204949103527056,13.110686127534148,13.163806585931741,0.035204458789511825
154.99755205065253,123.30867481168622,136.88837620814823,11.527717673034442
8.950328536407925,8.747818930623797,8.84031013596674,0.08483740688401208
51.269650317551054,44.267103770876574,47.970600096226704,2.8626417702536098
163.95352292060852,161.33361864089966,162.96210050582886,1.0739041883039309
