Max,Min,Mean,Std
1592.445,1315.324,1411.3262,112.02806375948836
17474,17474,17474.0,0.0
212.963489369863,174.06366688356164,188.64879458219175,15.38539342683477
13.283690752032774,13.16744585861629,13.230366430643096,0.04984569120602143
142.63267235446418,116.4842533662165,125.65670565411745,10.599527473549925
8.880775259062167,8.766843963763623,8.835186857422666,0.04200199481821183
49.35212319970368,45.01464789553978,47.35266778694966,1.5545216256430276
163.01436853408813,160.12572717666626,161.59713616371155,1.0685768370736701
