Max,Min,Mean,Std
1731.5770000000002,1491.7959999999998,1599.5294000000001,94.28957892206338
17474,17474,17474.0,0.0
231.83905980821922,199.06042726712326,212.67505016986303,12.90759217961826
13.256106295702287,13.150871279986761,13.204913525283981,0.04137777674465695
156.5437158810365,132.02978079040747,143.43672949509434,9.345850462989004
8.975423258308652,8.84426953198187,8.921651419750301,0.0508397933185422
51.26461199690056,48.566817392904944,49.96132163712679,1.0813170881119358
34.23485231399536,33.42234516143799,33.72647132873535,0.3208756759564938
