Max,Min,Mean,Std
1777.9650000000001,1311.687,1499.8385999999998,187.42576440633772
17474,17474,17474.0,0.0
239.13203355479453,173.10097488356166,200.8561030013699,25.84965231434374
13.323967553465447,13.166727471733896,13.2485633959781,0.06312434215954646
160.53656852995846,116.19080318761971,134.41509518895631,17.957444901366152
8.991361455972624,8.746896370385997,8.866989730035623,0.1023143674625646
51.24144185202533,43.42137138114689,47.4118671306523,3.329922724598622
33.79618048667908,33.147643089294434,33.52888898849487,0.3076987086023772
