Max,Min,Mean,Std
1640.644,1503.745,1561.8816,54.24606518264714
17474,17474,17474.0,0.0
214.87853630136985,197.81398714383562,206.98520191643837,6.60673099750951
13.355420569046862,13.073005649140242,13.18670828943703,0.10762378954367809
148.8105140354643,134.47875680554762,140.3272861061541,5.705752913098082
9.021603599042312,8.807264981049594,8.921647104019996,0.0813434093441465
52.09415614945294,46.35786275559441,49.18018117805549,2.1832662900447994
33.54478144645691,32.4283082485199,33.20599360466004,0.44828096318000016
