Max,Min,Mean,Std
771.229,771.229,771.229,0.0
4033,4033,4033.0,0.0
106.23150133561643,106.23150133561643,106.23150133561644,1.5888218580782548e-14
13.31600854342273,13.31600854342273,13.31600854342273,0.0
75.1201994293081,75.1201994293081,75.1201994293081,0.0
9.810344206480545,9.810344206480545,9.810344206480545,0.0
73.07091908763158,73.07091908763158,73.07091908763158,0.0
325.725034,307.506618,315.8202628,8.633034534686454
