Max,Min,Mean,Std
670.7139999999999,670.7139999999999,670.7139999999999,0.0
4033,4033,4033.0,0.0
88.60025743835617,88.60025743835617,88.60025743835617,0.0
13.31527616453015,13.31527616453015,13.31527616453015,0.0
61.594990210087815,61.594990210087815,61.594990210087815,0.0
9.214860405109254,9.214860405109254,9.214860405109254,0.0
58.75635863497252,58.75635863497252,58.75635863497253,7.944109290391274e-15
27.827878,27.312646,27.5753654,0.2041188435221007
