Max,Min,Mean,Std
1234.737,670.7139999999999,986.0541999999999,276.4352630376595
4033,4033,4033.0,0.0
163.5253280753425,88.60025743835617,130.2983452219178,36.67136810434326
13.370246119237343,13.136683437953934,13.237958283253969,0.10492986039196997
119.86577750574946,61.594990210087815,94.28168821959717,27.727328461997644
9.50448787651624,9.214860405109254,9.405086102941974,0.11746513252614714
67.03626185694948,58.75635863497252,64.55256407232349,3.3047687638333394
35.00171399116516,34.37773108482361,34.85477948188782,0.26784566197216314
