Max,Min,Mean,Std
1192.819,670.7139999999999,799.1494,220.85437197800726
4033,4033,4033.0,0.0
159.37166393835616,88.60025743835617,106.62135921917806,29.671421903264857
13.37163869261688,13.126915128276917,13.283274186927063,0.1046800752421882
114.40572343491846,61.594990210087815,75.06784658564573,22.09177639638575
9.500558080670295,9.214860405109254,9.359472446915323,0.13183936239381217
67.45186075250791,58.75635863497252,62.75398672513702,3.5102298183066365
10.065609216690063,9.90786075592041,9.969841384887696,0.05793225925019951
