Max,Min,Mean,Std
1162.6009999999999,670.7139999999999,971.6269999999998,261.7015168460053
4033,4033,4033.0,0.0
153.5853235958904,88.60025743835617,128.3103443260274,34.6325251353939
13.31527616453015,13.136683437953934,13.191245746997287,0.08044768475729397
111.56810198569724,61.594990210087815,92.62215311558673,26.00828313750162
9.500558080670295,9.214860405109254,9.384740942880134,0.10397991423634034
65.86636200500396,58.75635863497252,64.31858410193438,3.121280327024359
9.73251223564148,9.381081342697144,9.484218168258668,0.14327451293805338
