Max,Min,Mean,Std
1162.6009999999999,699.6179999999999,884.8111999999999,253.58623284141427
4033,4033,4033.0,0.0
153.5853235958904,92.19549340410958,116.7514254808219,33.62459479745005
13.230902256594481,13.136683437953934,13.193214729138266,0.05160577231091584
111.56810198569724,66.81146941075411,84.71412244073136,24.51421725926688
9.500558080670295,9.40276207620704,9.461439678884993,0.05356507767840084
65.86636200500396,65.23747585968752,65.4890303178141,0.34445512789228766
35.22395348548889,34.36318373680115,34.815564966201784,0.3475591234493968
