Max,Min,Mean,Std
1170.916,670.7139999999999,770.7544,223.69713489626997
4033,4033,4033.0,0.0
155.79747930136986,88.60025743835617,102.0397018109589,30.051511196966736
13.31527616453015,13.245908495169902,13.3014026306581,0.031022164826049105
112.6131588883996,61.594990210087815,71.79862394575017,22.81601865045115
9.52416732504151,9.214860405109254,9.276721789095706,0.1383262597759218
66.59004756136156,58.75635863497252,60.32309642025033,3.503332190798647
10.123489141464233,9.76195502281189,9.933702373504639,0.17136219683817236
