Max,Min,Mean,Std
1712.094,1573.2880000000002,1645.4014,50.84815343549841
17474,17474,17474.0,0.0
227.94880288356163,209.23715151369862,219.4729445917808,6.984508453932437
13.372305595942915,13.214443613148692,13.294372352965516,0.0713674980119034
153.89253930633885,141.72001788820452,147.74334904622853,4.530961793579985
9.012055709546338,8.918303191546945,8.9752543519708,0.041755877848920354
53.66251851963208,50.52762852245946,51.69412164709307,1.2257953492311853
31.837971448898315,31.711090087890625,31.758208656311034,0.050670771549565605
