Max,Min,Mean,Std
1813.471,1463.2640000000001,1610.5682,130.40831667190554
17474,17474,17474.0,0.0
239.86270690410956,194.11555429452056,213.71680259178083,17.317226236467803
13.353121737317311,13.13852193488317,13.229636362367875,0.07820305259339919
164.25241972440656,129.7165561314413,144.38807372813105,12.981521940967339
9.059521778031467,8.846183756097071,8.937704032760982,0.09945428143137028
52.24852954386423,47.773195973071765,49.912614636659974,1.8283067782792979
157.1916196346283,155.47964525222778,156.35808901786805,0.7650950414487624
