Max,Min,Mean,Std
1709.622,1580.5590000000002,1663.8849999999998,49.49936578886633
17474,17474,17474.0,0.0
227.17927717123288,208.84674929452055,222.015731109589,7.560453142673687
13.361502714708136,13.140783777753603,13.280834423597648,0.08443741106523221
153.55890949764458,141.60202886798268,149.44541887029808,4.634855217632656
9.02815895067878,8.90367342907005,8.967008315018665,0.04536242484926973
52.191532085226086,49.55298788133759,51.242228520730485,1.0470280362765867
31.64842963218689,31.391409397125244,31.51616144180298,0.09552552809709007
