Max,Min,Mean,Std
1831.466,1573.323,1676.2977999999998,98.42159859349974
17474,17474,17474.0,0.0
245.2534686438356,208.9383297123288,223.31786728493154,13.918049283285411
13.36891775437571,13.197366581597091,13.269311933481884,0.062008288422885756
166.35671794453845,140.91351939184085,150.6774346386552,9.801549555348304
9.070093313385957,8.870766713275307,8.968103722774526,0.07185429672629445
52.79120382786386,48.13181992450762,50.69550452789839,1.7735355860287592
32.03132629394531,31.738941431045532,31.87385039329529,0.11316446509512973
