Max,Min,Mean,Std
1812.625,1642.358,1753.229,66.50494161714605
17474,17474,17474.0,0.0
241.72662182191777,217.51608712328766,234.03274678219177,9.538573904741344
13.31914746880072,13.185062778375055,13.251070124420101,0.05678499214908939
164.49071834139895,147.66583398470968,157.86729909902246,6.26274759728923
9.014853233372822,8.950394409804796,8.984757854149853,0.02548204545204523
52.9926421355068,50.93554982445505,52.37084481201877,0.8381090514989598
31.773656845092773,31.297524213790894,31.549733877182007,0.1706332492769574
