Max,Min,Mean,Std
1740.855,1609.481,1648.663,55.3847162897852
17474,17474,17474.0,0.0
230.775791630137,213.4682565410959,220.2765019191781,6.887178122983037
13.381884758919396,13.227494955880848,13.293705704551575,0.06661554913800027
156.73960923988534,145.3846659226448,148.94502318816217,4.700253030319019
9.040261793650101,8.983151164113663,9.012101476597623,0.02069691991842275
52.7644300156752,51.29462544059158,52.11086874316463,0.545041538591951
37.24568176269531,31.69023633003235,32.97061824798584,2.393603834866966
