Max,Min,Mean,Std
1763.8939999999998,1542.965,1638.7722,80.56033318079058
17474,17474,17474.0,0.0
236.161482869863,204.2830201712329,218.2476881123288,11.673526375617138
13.303573078711082,13.153871088874794,13.240931776781181,0.06246697982484982
158.65608072361104,137.94674080954798,147.2262423756213,7.5650697155339985
8.984054831380357,8.883103416635482,8.940097435117206,0.039985390312824505
51.53480943891658,48.85634196780361,50.44234704898737,1.0303100503218245
31.828724145889282,31.587716102600098,31.74937038421631,0.09481609901577745
