Max,Min,Mean,Std
1738.332,1563.005,1659.8960000000002,73.84142510474726
17474,17474,17474.0,0.0
231.22101678767126,208.58758067808222,221.18808487945208,9.43415963005875
13.269085112080534,13.232203588136837,13.249292778437724,0.0159526471141819
155.9507775434456,140.00839153293958,148.67725787941274,6.45884468626182
8.992426883014401,8.913913428993117,8.94850340682442,0.03381309146640138
52.3277595406366,49.81553539585807,50.83811318981864,0.9543785695785478
31.839898109436035,31.695372819900513,31.788459014892577,0.06271067127749481
