Max,Min,Mean,Std
1620.71,1590.8269999999998,1603.5926,12.130306727366905
17474,17474,17474.0,0.0
215.30644423972603,211.9868381849315,213.27081579999998,1.3377382118493035
13.29147027925583,13.109941039866614,13.214393142063935,0.07112234347678395
146.39336803173353,142.90712638203206,144.37512582607394,1.2835680189275005
8.960482489852556,8.892136625418477,8.922652596066598,0.028651971145071935
50.90742929725201,47.603717298818346,49.567445374986754,1.4229065092870035
32.82113599777222,32.395878314971924,32.60581874847412,0.1639538720326326
