Max,Min,Mean,Std
1671.106,1469.4070000000002,1585.5316,78.33284653515403
17474,17474,17474.0,0.0
223.17433561643833,198.0305961438356,212.0528195260274,9.900270699917405
13.302388737447272,13.186623976284684,13.254681242365546,0.044195047051385696
151.51949090057022,131.25770872350247,142.71945950442546,8.172851891205463
9.065760607583758,8.864138832412669,8.945444151893629,0.09699616656478163
52.782609203640554,46.48199754323728,49.690390198047766,2.7426687915937302
164.06289672851562,162.35183596611023,163.42377400398254,0.6371250299781894
