Max,Min,Mean,Std
1739.791,1599.353,1657.5118000000002,55.21563214978156
17474,17474,17474.0,0.0
233.08875582191783,211.43991948630136,220.07812656986303,8.144779959592096
13.323684261989255,13.160464490443099,13.220531110215088,0.06174097707118555
156.80663494269217,143.6192122124889,149.02332545704218,5.196953749465371
8.996873089377782,8.851752794406297,8.951846765160777,0.05850674872061176
51.924513758394205,48.20302777946774,50.32509159197734,1.7422408034738632
165.61387538909912,164.10844087600708,164.6598732471466,0.6147800906801961
