Max,Min,Mean,Std
1736.095,1502.268,1635.6879999999999,97.92884061654156
17474,17474,17474.0,0.0
230.41096241095892,197.95708356164386,217.80191787671234,13.689268885002393
13.259830796062085,13.169250113226925,13.23526832826137,0.03748509825394614
155.39038739975723,133.62307524912333,146.8511222824207,9.316451068091729
9.014013426785574,8.872571641305175,8.923394936721573,0.05955673676574553
51.95970252799791,48.31076666695136,49.77179163432957,1.3336077210079023
32.2493052482605,31.96521282196045,32.115077877044676,0.1205552564362508
